archivo_original,clasificacion,estado_edicion_abierta,accion
material_original/fuentes/teoria/Tema_01_Procesamiento_Big_Data_Distribuido/images/MUSA_LOGO_blanco.jpg,Logotipo o marca institucional,Excluido de la licencia,Conservar solo cuando identifica la institución; excluir expresamente de CC BY-SA
material_original/fuentes/teoria/Tema_01_Procesamiento_Big_Data_Distribuido/images/architecture.png,Imagen docente sin licencia reutilizable verificada,No redistribuida,Retirar de la edición abierta y sustituir por esquema original
material_original/fuentes/teoria/Tema_01_Procesamiento_Big_Data_Distribuido/images/batch.png,Imagen docente sin licencia reutilizable verificada,No redistribuida,Retirar de la edición abierta y sustituir por esquema original
material_original/fuentes/teoria/Tema_01_Procesamiento_Big_Data_Distribuido/images/cap_theorem.png,Imagen docente sin licencia reutilizable verificada,No redistribuida,Retirar de la edición abierta y sustituir por esquema original
material_original/fuentes/teoria/Tema_01_Procesamiento_Big_Data_Distribuido/images/flink.png,Imagen docente sin licencia reutilizable verificada,No redistribuida,Retirar de la edición abierta y sustituir por esquema original
material_original/fuentes/teoria/Tema_01_Procesamiento_Big_Data_Distribuido/images/hadoop.png,Imagen docente sin licencia reutilizable verificada,No redistribuida,Retirar de la edición abierta y sustituir por esquema original
material_original/fuentes/teoria/Tema_01_Procesamiento_Big_Data_Distribuido/images/hopping_windows.png,Imagen docente sin licencia reutilizable verificada,No redistribuida,Retirar de la edición abierta y sustituir por esquema original
material_original/fuentes/teoria/Tema_01_Procesamiento_Big_Data_Distribuido/images/kafka.png,Imagen docente sin licencia reutilizable verificada,No redistribuida,Retirar de la edición abierta y sustituir por esquema original
material_original/fuentes/teoria/Tema_01_Procesamiento_Big_Data_Distribuido/images/kappa_architecture.png,Imagen docente sin licencia reutilizable verificada,No redistribuida,Retirar de la edición abierta y sustituir por esquema original
material_original/fuentes/teoria/Tema_01_Procesamiento_Big_Data_Distribuido/images/lambda_architecture.png,Imagen docente sin licencia reutilizable verificada,No redistribuida,Retirar de la edición abierta y sustituir por esquema original
material_original/fuentes/teoria/Tema_01_Procesamiento_Big_Data_Distribuido/images/logourjceps.png,Logotipo o marca institucional,Excluido de la licencia,Conservar solo cuando identifica la institución; excluir expresamente de CC BY-SA
material_original/fuentes/teoria/Tema_01_Procesamiento_Big_Data_Distribuido/images/microbatch.png,Imagen docente sin licencia reutilizable verificada,No redistribuida,Retirar de la edición abierta y sustituir por esquema original
material_original/fuentes/teoria/Tema_01_Procesamiento_Big_Data_Distribuido/images/p2peda.png,Imagen docente sin licencia reutilizable verificada,No redistribuida,Retirar de la edición abierta y sustituir por esquema original
material_original/fuentes/teoria/Tema_01_Procesamiento_Big_Data_Distribuido/images/queue_pubsub.png,Imagen docente sin licencia reutilizable verificada,No redistribuida,Retirar de la edición abierta y sustituir por esquema original
material_original/fuentes/teoria/Tema_01_Procesamiento_Big_Data_Distribuido/images/rabbitmq.png,Imagen docente sin licencia reutilizable verificada,No redistribuida,Retirar de la edición abierta y sustituir por esquema original
material_original/fuentes/teoria/Tema_01_Procesamiento_Big_Data_Distribuido/images/session_windows.png,Imagen docente sin licencia reutilizable verificada,No redistribuida,Retirar de la edición abierta y sustituir por esquema original
material_original/fuentes/teoria/Tema_01_Procesamiento_Big_Data_Distribuido/images/spark.png,Imagen docente sin licencia reutilizable verificada,No redistribuida,Retirar de la edición abierta y sustituir por esquema original
material_original/fuentes/teoria/Tema_01_Procesamiento_Big_Data_Distribuido/images/spark_batch.png,Imagen docente sin licencia reutilizable verificada,No redistribuida,Retirar de la edición abierta y sustituir por esquema original
material_original/fuentes/teoria/Tema_01_Procesamiento_Big_Data_Distribuido/images/sqs.png,Imagen docente sin licencia reutilizable verificada,No redistribuida,Retirar de la edición abierta y sustituir por esquema original
material_original/fuentes/teoria/Tema_01_Procesamiento_Big_Data_Distribuido/images/storm.png,Imagen docente sin licencia reutilizable verificada,No redistribuida,Retirar de la edición abierta y sustituir por esquema original
material_original/fuentes/teoria/Tema_01_Procesamiento_Big_Data_Distribuido/images/streaming.png,Imagen docente sin licencia reutilizable verificada,No redistribuida,Retirar de la edición abierta y sustituir por esquema original
material_original/fuentes/teoria/Tema_01_Procesamiento_Big_Data_Distribuido/images/tp_te.png,Imagen docente sin licencia reutilizable verificada,No redistribuida,Retirar de la edición abierta y sustituir por esquema original
material_original/fuentes/teoria/Tema_01_Procesamiento_Big_Data_Distribuido/images/tumbling_windows.png,Imagen docente sin licencia reutilizable verificada,No redistribuida,Retirar de la edición abierta y sustituir por esquema original
material_original/fuentes/teoria/Tema_02_Streaming_Tiempo_Real/images/MUSA_LOGO_blanco.jpg,Logotipo o marca institucional,Excluido de la licencia,Conservar solo cuando identifica la institución; excluir expresamente de CC BY-SA
material_original/fuentes/teoria/Tema_02_Streaming_Tiempo_Real/images/architecture.png,Imagen docente sin licencia reutilizable verificada,No redistribuida,Retirar de la edición abierta y sustituir por esquema original
material_original/fuentes/teoria/Tema_02_Streaming_Tiempo_Real/images/consumer.png,Imagen docente sin licencia reutilizable verificada,No redistribuida,Retirar de la edición abierta y sustituir por esquema original
material_original/fuentes/teoria/Tema_02_Streaming_Tiempo_Real/images/consumer_group.png,Imagen docente sin licencia reutilizable verificada,No redistribuida,Retirar de la edición abierta y sustituir por esquema original
material_original/fuentes/teoria/Tema_02_Streaming_Tiempo_Real/images/kafka.png,Imagen docente sin licencia reutilizable verificada,No redistribuida,Retirar de la edición abierta y sustituir por esquema original
material_original/fuentes/teoria/Tema_02_Streaming_Tiempo_Real/images/kibana.png,Imagen docente sin licencia reutilizable verificada,No redistribuida,Retirar de la edición abierta y sustituir por esquema original
material_original/fuentes/teoria/Tema_02_Streaming_Tiempo_Real/images/late_data.png,Imagen docente sin licencia reutilizable verificada,No redistribuida,Retirar de la edición abierta y sustituir por esquema original
material_original/fuentes/teoria/Tema_02_Streaming_Tiempo_Real/images/logourjceps.png,Logotipo o marca institucional,Excluido de la licencia,Conservar solo cuando identifica la institución; excluir expresamente de CC BY-SA
material_original/fuentes/teoria/Tema_02_Streaming_Tiempo_Real/images/offset.png,Imagen docente sin licencia reutilizable verificada,No redistribuida,Retirar de la edición abierta y sustituir por esquema original
material_original/fuentes/teoria/Tema_02_Streaming_Tiempo_Real/images/partitions.png,Imagen docente sin licencia reutilizable verificada,No redistribuida,Retirar de la edición abierta y sustituir por esquema original
material_original/fuentes/teoria/Tema_02_Streaming_Tiempo_Real/images/replication.png,Imagen docente sin licencia reutilizable verificada,No redistribuida,Retirar de la edición abierta y sustituir por esquema original
material_original/fuentes/teoria/Tema_02_Streaming_Tiempo_Real/images/streaming-arch.png,Imagen docente sin licencia reutilizable verificada,No redistribuida,Retirar de la edición abierta y sustituir por esquema original
material_original/fuentes/teoria/Tema_02_Streaming_Tiempo_Real/images/structured-streaming.png,Imagen docente sin licencia reutilizable verificada,No redistribuida,Retirar de la edición abierta y sustituir por esquema original
material_original/fuentes/teoria/Tema_02_Streaming_Tiempo_Real/images/table.png,Imagen docente sin licencia reutilizable verificada,No redistribuida,Retirar de la edición abierta y sustituir por esquema original
material_original/fuentes/teoria/Tema_02_Streaming_Tiempo_Real/images/watermark_append.png,Imagen docente sin licencia reutilizable verificada,No redistribuida,Retirar de la edición abierta y sustituir por esquema original
material_original/fuentes/teoria/Tema_02_Streaming_Tiempo_Real/images/watermark_update.png,Imagen docente sin licencia reutilizable verificada,No redistribuida,Retirar de la edición abierta y sustituir por esquema original
material_original/fuentes/teoria/Tema_02_Streaming_Tiempo_Real/images/window.png,Imagen docente sin licencia reutilizable verificada,No redistribuida,Retirar de la edición abierta y sustituir por esquema original
material_original/fuentes/teoria/Tema_02_Streaming_Tiempo_Real/images/windows.jpg,Imagen docente sin licencia reutilizable verificada,No redistribuida,Retirar de la edición abierta y sustituir por esquema original
material_original/fuentes/teoria/Tema_02_Streaming_Tiempo_Real/images/word_count.png,Imagen docente sin licencia reutilizable verificada,No redistribuida,Retirar de la edición abierta y sustituir por esquema original
material_original/fuentes/teoria/Tema_02_Streaming_Tiempo_Real/images/zookeeper_kraft.png,Imagen docente sin licencia reutilizable verificada,No redistribuida,Retirar de la edición abierta y sustituir por esquema original
material_original/fuentes/teoria/Tema_03_Optimizacion_Escalabilidad/images/MUSA_LOGO_blanco.jpg,Logotipo o marca institucional,Excluido de la licencia,Conservar solo cuando identifica la institución; excluir expresamente de CC BY-SA
material_original/fuentes/teoria/Tema_03_Optimizacion_Escalabilidad/images/architecture.png,Imagen docente sin licencia reutilizable verificada,No redistribuida,Retirar de la edición abierta y sustituir por esquema original
material_original/fuentes/teoria/Tema_03_Optimizacion_Escalabilidad/images/kafka_consumer_group.png,Imagen docente sin licencia reutilizable verificada,No redistribuida,Retirar de la edición abierta y sustituir por esquema original
material_original/fuentes/teoria/Tema_03_Optimizacion_Escalabilidad/images/kafka_grafana.png,Imagen docente sin licencia reutilizable verificada,No redistribuida,Retirar de la edición abierta y sustituir por esquema original
material_original/fuentes/teoria/Tema_03_Optimizacion_Escalabilidad/images/kafka_replication.png,Imagen docente sin licencia reutilizable verificada,No redistribuida,Retirar de la edición abierta y sustituir por esquema original
material_original/fuentes/teoria/Tema_03_Optimizacion_Escalabilidad/images/logourjceps.png,Logotipo o marca institucional,Excluido de la licencia,Conservar solo cuando identifica la institución; excluir expresamente de CC BY-SA
material_original/fuentes/teoria/Tema_03_Optimizacion_Escalabilidad/images/spark_ideal.png,Imagen docente sin licencia reutilizable verificada,No redistribuida,Retirar de la edición abierta y sustituir por esquema original
material_original/fuentes/teoria/Tema_03_Optimizacion_Escalabilidad/images/spark_shuffle.png,Imagen docente sin licencia reutilizable verificada,No redistribuida,Retirar de la edición abierta y sustituir por esquema original
material_original/fuentes/teoria/Tema_03_Optimizacion_Escalabilidad/images/spark_skew.png,Imagen docente sin licencia reutilizable verificada,No redistribuida,Retirar de la edición abierta y sustituir por esquema original
material_original/fuentes/teoria/Tema_03_Optimizacion_Escalabilidad/images/spark_web_ui.png,Imagen docente sin licencia reutilizable verificada,No redistribuida,Retirar de la edición abierta y sustituir por esquema original
material_original/fuentes/teoria/Tema_04_IA_Generativa/images/logos/MUSA.png,Logotipo o marca institucional,Excluido de la licencia,Conservar solo cuando identifica la institución; excluir expresamente de CC BY-SA
material_original/fuentes/teoria/Tema_04_IA_Generativa/images/logos/MUSA_LOGO.jpg,Logotipo o marca institucional,Excluido de la licencia,Conservar solo cuando identifica la institución; excluir expresamente de CC BY-SA
material_original/fuentes/teoria/Tema_04_IA_Generativa/images/logos/MUSA_LOGO.png,Logotipo o marca institucional,Excluido de la licencia,Conservar solo cuando identifica la institución; excluir expresamente de CC BY-SA
material_original/fuentes/teoria/Tema_04_IA_Generativa/images/logos/MUSA_LOGO_blanco.jpg,Logotipo o marca institucional,Excluido de la licencia,Conservar solo cuando identifica la institución; excluir expresamente de CC BY-SA
material_original/fuentes/teoria/Tema_04_IA_Generativa/images/logos/logourjceps.png,Logotipo o marca institucional,Excluido de la licencia,Conservar solo cuando identifica la institución; excluir expresamente de CC BY-SA
material_original/fuentes/teoria/Tema_04_IA_Generativa/images/logos/origin.jpg,Logotipo o marca institucional,Excluido de la licencia,Conservar solo cuando identifica la institución; excluir expresamente de CC BY-SA
material_original/fuentes/teoria/Tema_04_IA_Generativa/images/logos/urjc.png,Logotipo o marca institucional,Excluido de la licencia,Conservar solo cuando identifica la institución; excluir expresamente de CC BY-SA
material_original/fuentes/teoria/Tema_04_IA_Generativa/images/presentacion/agents.png,Imagen docente sin licencia reutilizable verificada,No redistribuida,Retirar de la edición abierta y sustituir por esquema original
material_original/fuentes/teoria/Tema_04_IA_Generativa/images/presentacion/agentsai.jpg,Imagen docente sin licencia reutilizable verificada,No redistribuida,Retirar de la edición abierta y sustituir por esquema original
material_original/fuentes/teoria/Tema_04_IA_Generativa/images/presentacion/agentsflow.png,Imagen docente sin licencia reutilizable verificada,No redistribuida,Retirar de la edición abierta y sustituir por esquema original
material_original/fuentes/teoria/Tema_04_IA_Generativa/images/presentacion/aibrain.jpg,Imagen docente sin licencia reutilizable verificada,No redistribuida,Retirar de la edición abierta y sustituir por esquema original
material_original/fuentes/teoria/Tema_04_IA_Generativa/images/presentacion/amongus.png,Imagen docente sin licencia reutilizable verificada,No redistribuida,Retirar de la edición abierta y sustituir por esquema original
material_original/fuentes/teoria/Tema_04_IA_Generativa/images/presentacion/bbdd.jpg,Imagen docente sin licencia reutilizable verificada,No redistribuida,Retirar de la edición abierta y sustituir por esquema original
material_original/fuentes/teoria/Tema_04_IA_Generativa/images/presentacion/brain.jpg,Imagen docente sin licencia reutilizable verificada,No redistribuida,Retirar de la edición abierta y sustituir por esquema original
material_original/fuentes/teoria/Tema_04_IA_Generativa/images/presentacion/calidad.jpg,Imagen docente sin licencia reutilizable verificada,No redistribuida,Retirar de la edición abierta y sustituir por esquema original
material_original/fuentes/teoria/Tema_04_IA_Generativa/images/presentacion/carrera.jpg,Imagen docente sin licencia reutilizable verificada,No redistribuida,Retirar de la edición abierta y sustituir por esquema original
material_original/fuentes/teoria/Tema_04_IA_Generativa/images/presentacion/chunking.png,Imagen docente sin licencia reutilizable verificada,No redistribuida,Retirar de la edición abierta y sustituir por esquema original
material_original/fuentes/teoria/Tema_04_IA_Generativa/images/presentacion/complex.jpg,Imagen docente sin licencia reutilizable verificada,No redistribuida,Retirar de la edición abierta y sustituir por esquema original
material_original/fuentes/teoria/Tema_04_IA_Generativa/images/presentacion/cost.png,Imagen docente sin licencia reutilizable verificada,No redistribuida,Retirar de la edición abierta y sustituir por esquema original
material_original/fuentes/teoria/Tema_04_IA_Generativa/images/presentacion/cot.png,Imagen docente sin licencia reutilizable verificada,No redistribuida,Retirar de la edición abierta y sustituir por esquema original
material_original/fuentes/teoria/Tema_04_IA_Generativa/images/presentacion/errors.png,Imagen docente sin licencia reutilizable verificada,No redistribuida,Retirar de la edición abierta y sustituir por esquema original
material_original/fuentes/teoria/Tema_04_IA_Generativa/images/presentacion/fewshot.jpg,Imagen docente sin licencia reutilizable verificada,No redistribuida,Retirar de la edición abierta y sustituir por esquema original
material_original/fuentes/teoria/Tema_04_IA_Generativa/images/presentacion/futbol.jpg,Imagen docente sin licencia reutilizable verificada,No redistribuida,Retirar de la edición abierta y sustituir por esquema original
material_original/fuentes/teoria/Tema_04_IA_Generativa/images/presentacion/gym.jpg,Imagen docente sin licencia reutilizable verificada,No redistribuida,Retirar de la edición abierta y sustituir por esquema original
material_original/fuentes/teoria/Tema_04_IA_Generativa/images/presentacion/intro.jpg,Imagen docente sin licencia reutilizable verificada,No redistribuida,Retirar de la edición abierta y sustituir por esquema original
material_original/fuentes/teoria/Tema_04_IA_Generativa/images/presentacion/loop.png,Imagen docente sin licencia reutilizable verificada,No redistribuida,Retirar de la edición abierta y sustituir por esquema original
material_original/fuentes/teoria/Tema_04_IA_Generativa/images/presentacion/memoryrisk.jpg,Imagen docente sin licencia reutilizable verificada,No redistribuida,Retirar de la edición abierta y sustituir por esquema original
material_original/fuentes/teoria/Tema_04_IA_Generativa/images/presentacion/orchestrator.jpg,Imagen docente sin licencia reutilizable verificada,No redistribuida,Retirar de la edición abierta y sustituir por esquema original
material_original/fuentes/teoria/Tema_04_IA_Generativa/images/presentacion/patterns.png,Imagen docente sin licencia reutilizable verificada,No redistribuida,Retirar de la edición abierta y sustituir por esquema original
material_original/fuentes/teoria/Tema_04_IA_Generativa/images/presentacion/pe_aspecct-22.png,Imagen docente sin licencia reutilizable verificada,No redistribuida,Retirar de la edición abierta y sustituir por esquema original
material_original/fuentes/teoria/Tema_04_IA_Generativa/images/presentacion/pe_componentes-08.png,Imagen docente sin licencia reutilizable verificada,No redistribuida,Retirar de la edición abierta y sustituir por esquema original
material_original/fuentes/teoria/Tema_04_IA_Generativa/images/presentacion/pe_oneshot-15.png,Imagen docente sin licencia reutilizable verificada,No redistribuida,Retirar de la edición abierta y sustituir por esquema original
material_original/fuentes/teoria/Tema_04_IA_Generativa/images/presentacion/pt_lifecycle-07.png,Imagen docente sin licencia reutilizable verificada,No redistribuida,Retirar de la edición abierta y sustituir por esquema original
material_original/fuentes/teoria/Tema_04_IA_Generativa/images/presentacion/pt_reward-06.png,Imagen docente sin licencia reutilizable verificada,No redistribuida,Retirar de la edición abierta y sustituir por esquema original
material_original/fuentes/teoria/Tema_04_IA_Generativa/images/presentacion/rag.png,Imagen docente sin licencia reutilizable verificada,No redistribuida,Retirar de la edición abierta y sustituir por esquema original
material_original/fuentes/teoria/Tema_04_IA_Generativa/images/presentacion/rag2.jpg,Imagen docente sin licencia reutilizable verificada,No redistribuida,Retirar de la edición abierta y sustituir por esquema original
material_original/fuentes/teoria/Tema_04_IA_Generativa/images/presentacion/rag3.png,Imagen docente sin licencia reutilizable verificada,No redistribuida,Retirar de la edición abierta y sustituir por esquema original
material_original/fuentes/teoria/Tema_04_IA_Generativa/images/presentacion/ragagents.png,Imagen docente sin licencia reutilizable verificada,No redistribuida,Retirar de la edición abierta y sustituir por esquema original
material_original/fuentes/teoria/Tema_04_IA_Generativa/images/presentacion/react.png,Imagen docente sin licencia reutilizable verificada,No redistribuida,Retirar de la edición abierta y sustituir por esquema original
material_original/fuentes/teoria/Tema_04_IA_Generativa/images/presentacion/sevilla.jpg,Imagen docente sin licencia reutilizable verificada,No redistribuida,Retirar de la edición abierta y sustituir por esquema original
material_original/fuentes/teoria/Tema_04_IA_Generativa/images/presentacion/skills.png,Imagen docente sin licencia reutilizable verificada,No redistribuida,Retirar de la edición abierta y sustituir por esquema original
material_original/fuentes/teoria/Tema_04_IA_Generativa/images/presentacion/states.png,Imagen docente sin licencia reutilizable verificada,No redistribuida,Retirar de la edición abierta y sustituir por esquema original
material_original/fuentes/teoria/Tema_04_IA_Generativa/images/presentacion/table_shots.png,Imagen docente sin licencia reutilizable verificada,No redistribuida,Retirar de la edición abierta y sustituir por esquema original
material_original/fuentes/teoria/Tema_04_IA_Generativa/images/presentacion/tools.jpg,Imagen docente sin licencia reutilizable verificada,No redistribuida,Retirar de la edición abierta y sustituir por esquema original
material_original/fuentes/teoria/Tema_04_IA_Generativa/images/presentacion/tradeoff.png,Imagen docente sin licencia reutilizable verificada,No redistribuida,Retirar de la edición abierta y sustituir por esquema original
material_original/fuentes/teoria/Tema_04_IA_Generativa/images/presentacion/transforrmer.png,Imagen docente sin licencia reutilizable verificada,No redistribuida,Retirar de la edición abierta y sustituir por esquema original
material_original/fuentes/teoria/Tema_04_IA_Generativa/images/presentacion/vectors.png,Imagen docente sin licencia reutilizable verificada,No redistribuida,Retirar de la edición abierta y sustituir por esquema original
material_original/fuentes/teoria/Tema_05_Proyecto_Integrado/images/logos/MUSA.png,Logotipo o marca institucional,Excluido de la licencia,Conservar solo cuando identifica la institución; excluir expresamente de CC BY-SA
material_original/fuentes/teoria/Tema_05_Proyecto_Integrado/images/logos/MUSA_LOGO.jpg,Logotipo o marca institucional,Excluido de la licencia,Conservar solo cuando identifica la institución; excluir expresamente de CC BY-SA
material_original/fuentes/teoria/Tema_05_Proyecto_Integrado/images/logos/MUSA_LOGO.png,Logotipo o marca institucional,Excluido de la licencia,Conservar solo cuando identifica la institución; excluir expresamente de CC BY-SA
material_original/fuentes/teoria/Tema_05_Proyecto_Integrado/images/logos/MUSA_LOGO_blanco.jpg,Logotipo o marca institucional,Excluido de la licencia,Conservar solo cuando identifica la institución; excluir expresamente de CC BY-SA
material_original/fuentes/teoria/Tema_05_Proyecto_Integrado/images/logos/logourjceps.png,Logotipo o marca institucional,Excluido de la licencia,Conservar solo cuando identifica la institución; excluir expresamente de CC BY-SA
material_original/fuentes/teoria/Tema_05_Proyecto_Integrado/images/logos/origin.jpg,Logotipo o marca institucional,Excluido de la licencia,Conservar solo cuando identifica la institución; excluir expresamente de CC BY-SA
material_original/fuentes/teoria/Tema_05_Proyecto_Integrado/images/logos/urjc.png,Logotipo o marca institucional,Excluido de la licencia,Conservar solo cuando identifica la institución; excluir expresamente de CC BY-SA
material_original/fuentes/teoria/Tema_06_Tendencias_Futuro/images/logos/MUSA.png,Logotipo o marca institucional,Excluido de la licencia,Conservar solo cuando identifica la institución; excluir expresamente de CC BY-SA
material_original/fuentes/teoria/Tema_06_Tendencias_Futuro/images/logos/MUSA_LOGO.jpg,Logotipo o marca institucional,Excluido de la licencia,Conservar solo cuando identifica la institución; excluir expresamente de CC BY-SA
material_original/fuentes/teoria/Tema_06_Tendencias_Futuro/images/logos/MUSA_LOGO.png,Logotipo o marca institucional,Excluido de la licencia,Conservar solo cuando identifica la institución; excluir expresamente de CC BY-SA
material_original/fuentes/teoria/Tema_06_Tendencias_Futuro/images/logos/MUSA_LOGO_blanco.jpg,Logotipo o marca institucional,Excluido de la licencia,Conservar solo cuando identifica la institución; excluir expresamente de CC BY-SA
material_original/fuentes/teoria/Tema_06_Tendencias_Futuro/images/logos/logourjceps.png,Logotipo o marca institucional,Excluido de la licencia,Conservar solo cuando identifica la institución; excluir expresamente de CC BY-SA
material_original/fuentes/teoria/Tema_06_Tendencias_Futuro/images/logos/origin.jpg,Logotipo o marca institucional,Excluido de la licencia,Conservar solo cuando identifica la institución; excluir expresamente de CC BY-SA
material_original/fuentes/teoria/Tema_06_Tendencias_Futuro/images/logos/urjc.png,Logotipo o marca institucional,Excluido de la licencia,Conservar solo cuando identifica la institución; excluir expresamente de CC BY-SA
